text,label
Lic: PPV3MGDFE\nHolder: Taylor Wilson\nDOB - 10/12/1992\nExpiry Date: 2035-02-23\nAuth: DMV,driving_license
DRIVING  LICENCE\nUWJQ3FAHR\nAlex  Smith\nDate  of  Birth:  02/02/1954\nValid  Until:  2035-10-08,driving_license
Robin Moore\nDOB 13/02/1976  1D K9U2JRE1U\nExp Date 2034-01-01\nIssuer: DMV,driving_license
DRIVER’S LICENSE\nName Robin Moore\nD0B 20/11/1959\nID 3B1YR8YIA\nExpires 2032-09-25,driving_license
DRIVING LICENCE\n92HMXHIO0\nTaylor Wilson\nDate of Birth: 11/12/1995\nValid Until: 2033-12-16,driving_license
Taylor Williams\nDOB 11/11/1959  ID 7WGCEIR8B\nExp Date 2025-06-03\nIssuer DMV,driving_license
DRIVER’S LICENSE\nName: Jamie Miller\nDOB: 14/06/1957\n1D: VQYV1BEHU\nExpires: 2026-04-10,driving_license
Robin  Williams\nDOB  14/01/1966    ID  5KNVNZF6I\nExp  Date  2034-11-06\nIssuer  DVLA,driving_license
DRIVER’S LICENSE\nName: Pat Moore\nDOB: 28/12/1998\nID: ITCGOBFWO\nExpires: 2028-08-28,driving_license
Lic: F2M57JD5W\nHolder: Alex Brown\nDOB - 13/03/1961\nExpiry Date: 2031-01-03\nAuth: State Issuer,driving_license
Lic  27OVXM3NB\nHolder  Taylor  Moore\nDOB  -  10/11/1989\nExpiry  Date  2030-07-04\nAuth  DMV,driving_license
Lic:  ZNRE6BEU6\nHolder:  Jamie  Johnson\nDOB  -  14/04/1992\nExpiry  Date:  2029-07-08\nAuth:  State  Issuer,driving_license
DRIVING  LICENCE\nHE15NEWQM\nMorgan  Davis\nDate  of  Birth:  18/06/1955\nValid  Until:  2033-03-08,driving_license
Name Chris Brown\nLicnse No 0ILMZTMY7\nD.O.B 19/06/1957\nExp: 2032-04-12,driving_license
Robin Taylor\nDOB 15/08/1990  ID MLAH42HRT\nExp Date 2030-11-01\nIssuer: DVLA,driving_license
DRIVER’S LICENSE\nName: Drew Smith\nD0B: 13/06/1951\nID: IQ9PAC0CA\nExpires: 2030-09-12,driving_license
Pat Moore\nDOB 06/07/1958  ID IEZ63F425\nExp Date 2032-11-28\nIssuer DMV,driving_license
Name Chris Smith\nLicnse No 0OFIC5CTR\nD.O.B 12/11/1951\nExp: 2032-02-25,driving_license
DRIVER’S LICENSE\nName: Pat Johnson\nDOB: 06/10/1981\nID: 8MU41LU18\nExpires: 2034-03-05,driving_license
Lic YXBJP5164\nHolder Morgan Johnson\nDOB - 12/07/1979\nExpiry Date 2033-12-09\nAuth State Issuer,driving_license
DRIVING LICENCE\n53OO1B7RN\nDrew Jones\nDate of Birth: 25/03/1992\nValid Until: 2030-07-14,driving_license
DRIVER’S LICENSE\nName: Morgan Brown\nDOB: 19/05/1972\nID: 9G1OIONT6\nExpiries: 2026-11-01,driving_license
DRIVING  LICENCE\nACRQH6H94\nCasey  Miller\nDate  of  Birth:  14/07/1967\nValid  Until:  2027-02-04,driving_license
DRIVER’S LICENSE\nName: Chris Davis\nDOB: 13/01/1979\nID: 1H780PDK3\nExpiries: 2025-08-20,driving_license
DRIVER’S LICENSE\nName: Casey Miller\nD0B: 14/11/1959\nID: AI0CBC3D1\nExpires: 2034-06-12,driving_license
Drew Moore\nDOB 06/09/1996  ID 1O5XIVXIQ\nExp Date 2034-03-12\nIssuer DMV,driving_license
Lic 919II2VIT\nHolder Casey Miller\nD0B - 14/09/1957\nExpiry Date 2035-06-13\nAuth DVLA,driving_license
DRIVING LICENCE\nXJEG5Y28H\nCasey Miller\nDate of Birth: 04/12/1961\nValid Until: 2032-05-17,driving_license
Lic:  V4EQ3EVDY\nHolder:  Jamie  Brown\nD0B  -  20/04/1976\nExpiry  Date:  2027-08-17\nAuth:  DVLA,driving_license
Lic:    LENMTNRYW\nHolder:    Pat    Wilson\nDOB    -    12/06/1965\nExpiry    Date:    2027-10-17\nAuth:    State    Issuer,driving_license
Name  Casey  Jones\nLicnse  No  TE14ACA0I\nD.O.B  23/06/1976\nExp:  2032-11-06,driving_license
DRIVING LICENCE\nZ1UFW0BKV\nMorgan Taylor\nDate of Birth 18/04/1967\nValid Until 2027-04-14,driving_license
DRIVER’S  LICENSE\nName:  Alex  Davis\nDOB:  16/11/1972\nID:  22HGRILCP\nExpires:  2033-10-26,driving_license
Lic:  SRJ414P77\nHolder:  Alex  Miller\nD0B  -  05/12/1970\nExpiry  Date:  2030-09-20\nAuth:  State  Issuer,driving_license
N a m e  Jordan  Moore\nLicnse  No  XQGPJ4XEJ\nD.O.B  14/07/1995\nExp:  2032-10-20,driving_license
Lic  CXPZFZIOR\nHolder  Taylor  Moore\nDOB  -  13/11/1955\nExpiry  Date  2031-10-22\nAuth  Authority  Office,driving_license
Lic: 7PD14BXKY\nHolder: Drew Taylor\nDOB - 25/07/1995\nExpiry Date: 2030-01-15\nAuth: DMV,driving_license
Lic: ERFG5A9OT\nHolder: Morgan Taylor\nDOB - 02/11/1995\nExpiry Date: 2029-03-07\nAuth: State Issuer,driving_license
Name Robin Williams\nLicnse No T3M5L9OBJ\nD.O.B 22/05/1961\nExp 2033-02-23,driving_license
DRIVING LICENCE\nNOZDEFV1B\nDrew Johnson\nDate of Birth 27/11/1991\nValid Until 2031-07-26,driving_license
Robin Smith\nDOB 11/10/1956  ID B803L5ZJP\nExp Date 2025-06-26\nIssuer: Authority Office,driving_license
Lic 3WZ4PCJDA\nHolder Jordan Brown\nDOB - 10/06/1998\nExpiry Date 2030-03-09\nAuth DVLA,driving_license
DRIVER’S LICENSE\nN a m e Pat Wilson\nD0B 07/08/1988\nID PO0JZBCQY\nExpires 2028-02-17,driving_license
Morgan Wilson\nDOB 19/03/1961  ID T4YUGKDW1\nExp Date 2031-11-12\nIssuer: Authority Office,driving_license
Name Drew Smith\nLicnse No QTGIBRK0O\nD.O.B 27/09/1988\nExp 2034-09-23,driving_license
Robin Moore\nDOB 15/01/1955  ID O8E3HK3GX\nExp Date 2031-02-19\nIssuer DVLA,driving_license
Lic  81QD7WUWV\nHolder  Drew  Brown\nDOB  -  20/10/1977\nExpiry  Date  2034-02-01\nAuth  Authority  Office,driving_license
DRIVER’S  LICENSE\nName:  Taylor  Brown\nDOB:  01/07/1969\n1D:  BEHZKDWZD\nExpires:  2027-04-08,driving_license
Morgan  Johnson\nDOB  11/06/1984    ID  TZ5TDL416\nExp  Date  2032-10-25\nIssuer:  Authority  Office,driving_license
DRIVING LICENCE\nJO2V23UOF\nDrew Taylor\nDate of Birth: 19/04/1997\nValid Until: 2034-01-05,driving_license
Lic 9N3Y3O5Z1\nHolder Morgan Moore\nD0B - 06/04/1959\nExpiry Date 2033-04-11\nAuth State Issuer,driving_license
Lic: 4FZS7XBC0\nHolder: Casey Davis\nDOB - 08/12/1987\nExpiry Date: 2025-07-16\nAuth: DMV,driving_license
DRIVER’S LICENSE\nN a m e: Chris Miller\nDOB: 28/06/1997\nID: AGXJDZ7MA\nExpiries: 2026-10-10,driving_license
DRIVER’S LICENSE\nName: Chris Johnson\nD0B: 02/02/1982\nID: JQESLAMUG\nExpiries: 2025-10-25,driving_license
Morgan  Jones\nDOB  14/02/2000    ID  JBAY9ESRH\nExp  Date  2026-12-28\nIssuer  DVLA,driving_license
DRIVING  LICENCE\nUR93W5RXU\nDrew  Taylor\nDate  of  Birth  22/07/1994\nValid  Until  2032-06-07,driving_license
Name Jordan Wilson\nLicnse No S3C23MG4M\nD.O.B 17/05/1962\nExp: 2029-07-09,driving_license
DRIVER’S  LICENSE\nN  a  m  e:  Casey  Smith\nDOB:  09/10/1975\nID:  T31XFEDMU\nExpires:  2035-09-21,driving_license
DRIVING  LICENCE\n2OZ4G3G6A\nJordan  Smith\nDate  of  Birth:  21/07/1952\nValid  Until:  2034-12-15,driving_license
DRIVER’S LICENSE\nName: Jordan Moore\nD0B: 03/01/1970\nID: 2GO8N6AXF\nExpiries: 2034-08-10,driving_license
Name Casey Wilson\nLicnse No J3R47HOFH\nD.O.B 11/01/1999\nExp: 2035-06-13,driving_license
Name Jordan Wilson\nLicnse No PKDGEPW66\nD.O.B 20/08/1950\nExp: 2034-09-14,driving_license
Lic  8T45AKTAS\nHolder  Robin  Wilson\nDOB  -  23/05/1987\nExpiry  Date  2025-09-22\nAuth  DMV,driving_license
DRIVER’S LICENSE\nN a m e: Chris Smith\nDOB: 25/08/1977\nID: R69J9AT9C\nExpires: 2030-03-20,driving_license
DRIVING LICENCE\n5PZC4STWG\nJordan Jones\nDate of Birth: 07/05/1963\nValid Until: 2031-03-28,driving_license
Lic  K53R2AVST\nHolder  Chris  Brown\nDOB  -  08/10/1993\nExpiry  Date  2029-06-02\nAuth  State  Issuer,driving_license
Jamie  Davis\nDOB  12/07/1973    ID  4LT9D2P2Y\nExp  Date  2027-04-11\nIssuer:  Authority  Office,driving_license
Chris  Davis\nDOB  19/08/1983    ID  RCBZ43PW8\nExp  Date  2031-04-08\nIssuer:  DMV,driving_license
DRIVER’S LICENSE\nN a m e: Taylor Smith\nD0B: 14/05/1954\nID: 42ISLY7YI\nExpires: 2028-05-18,driving_license
Name Chris Wilson\nLicnse No REIZ1KTZG\nD.O.B 04/02/1962\nExp 2030-03-10,driving_license
Alex Moore\nDOB 16/05/1984  ID NZJSAYAR8\nExp Date 2031-12-06\nIssuer: DMV,driving_license
Casey Miller\nDOB 28/01/2001  ID 4FTBSB8V7\nExp Date 2028-01-07\nIssuer: DVLA,driving_license
Chris  Wilson\nD0B  28/05/1977    ID  CC460O2QM\nExp  Date  2025-03-24\nIssuer:  DVLA,driving_license
Lic: QCUOIAY8R\nHolder: Pat Smith\nD0B - 04/07/1954\nExpiry Date: 2028-07-08\nAuth: DMV,driving_license
DRIVER’S LICENSE\nName Morgan Taylor\nDOB 10/08/1994\nID 08L4IG0PK\nExpires 2032-10-23,driving_license
DRIVING LICENCE\nOIWRI218R\nAlex Wilson\nDate of Birth: 13/01/1985\nValid Until: 2034-07-05,driving_license
Drew Williams\nDOB 20/08/1994  ID 9NE24R2WF\nExp Date 2031-01-18\nIssuer: Authority Office,driving_license
DRIVING LICENCE\n0EYJEPGRH\nRobin Johnson\nDate of Birth 16/03/1975\nValid Until 2030-12-11,driving_license
Lic: XDMIB6NMV\nHolder: Chris Taylor\nDOB - 14/07/1961\nExpiry Date: 2032-08-11\nAuth: DMV,driving_license
DRIVER’S LICENSE\nName: Drew Moore\nD0B: 03/04/1974\n1D: C7B3389ZN\nExpires: 2026-06-26,driving_license
Lic  VX4RJCP4X\nHolder  Alex  Wilson\nDOB  -  11/02/1966\nExpiry  Date  2035-01-24\nAuth  DMV,driving_license
Lic: QMQIMTQLJ\nHolder: Jamie Jones\nDOB - 02/11/1968\nExpiry Date: 2029-05-20\nAuth: DVLA,driving_license
DRIVER’S LICENSE\nN a m e Pat Jones\nDOB 02/01/1968\nID H8KU4ADT8\nExpires 2031-05-12,driving_license
Lic KREYI6NYO\nHolder Chris Johnson\nDOB - 23/09/1997\nExpiry Date 2032-05-05\nAuth DVLA,driving_license
Casey Jones\nD0B 16/01/1958  ID CK87QU00Z\nExp Date 2033-05-22\nIssuer: DVLA,driving_license
DRIVING LICENCE\nC9DNQROGN\nTaylor Brown\nDate of Birth 14/07/1976\nValid Until 2035-11-17,driving_license
DRIVING LICENCE\nDF5A8OC2K\nPat Jones\nDate of Birth: 12/04/1966\nValid Until: 2025-07-06,driving_license
Lic:  ZX2DKV1RN\nHolder:  Robin  Jones\nDOB  -  13/02/1951\nExpiry  Date:  2031-11-14\nAuth:  State  Issuer,driving_license
Lic: 0YI6U9FU0\nHolder: Alex Smith\nD0B - 06/02/1998\nExpiry Date: 2034-11-16\nAuth: State Issuer,driving_license
DRIVING LICENCE\nSJH6ECCD4\nChris Williams\nDate of Birth: 18/08/1962\nValid Until: 2025-01-04,driving_license
Alex Moore\nD0B 01/01/1983  ID A9KEPFRRR\nExp Date 2027-02-22\nIssuer: Authority Office,driving_license
Lic: K17O2VX93\nHolder: Morgan Johnson\nDOB - 17/08/1959\nExpiry Date: 2026-05-22\nAuth: DVLA,driving_license
Taylor  Jones\nDOB  27/08/1994    ID  0OJ4NY1OF\nExp  Date  2033-03-24\nIssuer:  State  Issuer,driving_license
Lic O1US2KIBM\nHolder Jamie Moore\nDOB - 02/06/1999\nExpiry Date 2034-08-14\nAuth State Issuer,driving_license
DRIVER’S LICENSE\nName: Chris Davis\nD0B: 04/05/1972\nID: 2M0ACUD31\nExpires: 2035-12-23,driving_license
DRIVING  LICENCE\n9O3G4O8ZO\nChris  Jones\nDate  of  Birth:  19/04/1960\nValid  Until:  2030-07-20,driving_license
DRIVER’S LICENSE\nName: Chris Miller\nDOB: 19/07/1968\nID: EGGTSDVLD\nExpires: 2028-01-28,driving_license
DRIVING LICENCE\nKWSAW01FG\nAlex Miller\nDate of Birth: 14/04/1978\nValid Until: 2028-12-07,driving_license
DRIVING LICENCE\nK4K8CWM47\nCasey Moore\nDate of Birth: 13/02/1963\nValid Until: 2029-11-17,driving_license
Name Jamie Johnson\nLicnse No BWAZB7XCN\nD.O.B 20/09/1953\nExp 2030-02-10,driving_license
Lic: N7C8J7VKN\nHolder: Casey Davis\nDOB - 15/08/1973\nExpiry Date: 2033-09-05\nAuth: State Issuer,driving_license
DRIVING LICENCE\nBQ4MM8LOK\nJamie Wilson\nDate of Birth: 09/06/1962\nValid Until: 2026-05-11,driving_license
DRIVING LICENCE\nJYOUL5PYS\nRobin Williams\nDate of Birth 11/04/1992\nValid Until 2032-05-03,driving_license
DRIVING LICENCE\n89325CQFA\nJordan Davis\nDate of Birth: 15/03/1994\nValid Until: 2028-06-03,driving_license
Lic: FL8ENRUQZ\nHolder: Pat Moore\nDOB - 10/12/1965\nExpiry Date: 2035-01-10\nAuth: DMV,driving_license
Lic:  EN5LZV5EH\nHolder:  Taylor  Davis\nDOB  -  19/05/1985\nExpiry  Date:  2035-11-09\nAuth:  DVLA,driving_license
DRIVING LICENCE\nZFAULEZCZ\nJamie Williams\nDate of Birth 27/11/1966\nValid Until 2032-06-13,driving_license
DRIVING LICENCE\nOSFSYZ9AK\nAlex Moore\nDate of Birth: 09/05/1981\nValid Until: 2029-03-16,driving_license
DRIVING LICENCE\nFWTTR82T3\nJamie Brown\nDate of Birth: 09/03/1999\nValid Until: 2029-08-12,driving_license
Pat Johnson\nDOB 02/07/1977  1D PDETBZDWG\nExp Date 2027-12-28\nIssuer: DVLA,driving_license
DRIVING    LICENCE\nTFCZEL4D0\nAlex    Wilson\nDate    of    Birth:    23/03/1961\nValid    Until:    2029-10-25,driving_license
DRIVING LICENCE\nJXRW6OVH4\nRobin Moore\nDate of Birth: 18/07/1985\nValid Until: 2027-05-15,driving_license
Robin Jones\nDOB 03/05/1967  1D 57TQ54WKY\nExp Date 2030-10-13\nIssuer: DVLA,driving_license
Pat Jones\nD0B 08/05/1971  ID QLCZP8Q3C\nExp Date 2030-03-10\nIssuer: DMV,driving_license
DRIVER’S  LICENSE\nName:  Pat  Johnson\nDOB:  04/05/1981\nID:  I8SUQL1FY\nExpires:  2027-05-28,driving_license
Lic: CM3VA72DG\nHolder: Casey Johnson\nDOB - 03/08/1977\nExpiry Date: 2032-04-18\nAuth: Authority Office,driving_license
DRIVING LICENCE\nLJ79UMVC9\nPat Jones\nDate of Birth: 22/05/1989\nValid Until: 2035-01-02,driving_license
Lic: 83C2B6099\nHolder: Drew Brown\nD0B - 08/04/1986\nExpiry Date: 2032-08-10\nAuth: DMV,driving_license
Drew Davis\nDOB 16/12/1963  ID ZEQHSJ757\nExp Date 2035-04-11\nIssuer: Authority Office,driving_license
DRIVING LICENCE\nU9HXZDY1H\nJordan Williams\nDate of Birth 20/05/1996\nValid Until 2035-01-25,driving_license
Jordan Brown\nDOB 01/08/1966  ID LK0Z89STK\nExp Date 2027-07-28\nIssuer: Authority Office,driving_license
Lic: B5VBCOUP3\nHolder: Casey Smith\nD0B - 06/04/1967\nExpiry Date: 2025-03-27\nAuth: DVLA,driving_license
DRIVING LICENCE\nWCHUDIBVZ\nMorgan Brown\nDate of Birth: 14/04/1967\nValid Until: 2033-08-20,driving_license
DRIVING  LICENCE\n01UUMBLWZ\nMorgan  Miller\nDate  of  Birth:  01/01/1962\nValid  Until:  2030-05-15,driving_license
Name Robin Wilson\nLicnse No BJSUA8NJZ\nD.O.B 19/12/1961\nExp 2035-10-12,driving_license
DRIVING  LICENCE\nZEB82UNIQ\nPat  Miller\nDate  of  Birth  14/06/1954\nValid  Until  2026-10-25,driving_license
DRIVER’S  LICENSE\nName:  Alex  Jones\nDOB:  04/11/1969\nID:  K1L3V2EOX\nExpires:  2031-10-12,driving_license
DRIVING LICENCE\n7OHB8LFXF\nMorgan Davis\nDate of Birth 11/05/1951\nValid Until 2025-11-05,driving_license
Morgan Williams\nDOB 05/08/1951  1D LZMLIVDNS\nExp Date 2030-12-16\nIssuer: State Issuer,driving_license
Lic TFSA03FHB\nHolder Jordan Miller\nDOB - 05/07/1988\nExpiry Date 2035-12-06\nAuth DMV,driving_license
Name Alex Smith\nLicnse No LAYHJ0AID\nD.O.B 04/10/1955\nExp: 2030-08-24,driving_license
DRIVING LICENCE\nU4HRRXV8N\nChris Miller\nDate of Birth: 18/10/1975\nValid Until: 2030-03-04,driving_license
DRIVING  LICENCE\n0O85UYFP4\nChris  Moore\nDate  of  Birth:  26/07/1970\nValid  Until:  2026-05-22,driving_license
Lic: PWJV6X8WS\nHolder: Jordan Johnson\nD0B - 05/03/1981\nExpiry Date: 2027-07-22\nAuth: State Issuer,driving_license
Lic: 93EFA75QE\nHolder: Taylor Brown\nDOB - 10/10/1963\nExpiry Date: 2031-04-05\nAuth: State Issuer,driving_license
Name Morgan Jones\nLicnse No GQCMLQCPA\nD.O.B 20/09/1994\nExp: 2026-10-20,driving_license
Lic: VC8HZUVTU\nHolder: Chris Miller\nDOB - 21/12/1995\nExpiry Date: 2025-01-24\nAuth: Authority Office,driving_license
DRIVER’S  LICENSE\nName  Jamie  Smith\nDOB  04/01/1955\nID  WAYGMRO7O\nExpires  2032-09-22,driving_license
Name Casey Moore\nLicnse No 9R78Q7S0O\nD.O.B 13/05/1971\nExp: 2032-07-06,driving_license
Lic:  0WCZVDAME\nHolder:  Robin  Miller\nD0B  -  08/01/1962\nExpiry  Date:  2032-03-06\nAuth:  DMV,driving_license
Lic DHG69OCBK\nHolder Taylor Davis\nD0B - 03/04/1963\nExpiry Date 2026-12-16\nAuth DVLA,driving_license
Lic 0W5SD6KBE\nHolder Robin Miller\nD0B - 04/06/1979\nExpiry Date 2034-05-28\nAuth Authority Office,driving_license
Name Pat Miller\nLicnse No Z6O92VC1Y\nD.O.B 09/01/1997\nExp: 2034-08-19,driving_license
Lic: TP3IM2V9Q\nHolder: Drew Miller\nDOB - 15/09/1961\nExpiry Date: 2027-09-02\nAuth: Authority Office,driving_license
Lic: 2T80WKBK3\nHolder: Alex Johnson\nDOB - 04/08/1983\nExpiry Date: 2029-09-23\nAuth: DVLA,driving_license
DRIVER’S LICENSE\nName: Drew Williams\nD0B: 11/06/1964\nID: 9D0ZBESY7\nExpires: 2035-10-01,driving_license
Lic: MGE4M226V\nHolder: Jamie Moore\nDOB - 16/09/1959\nExpiry Date: 2030-11-08\nAuth: DVLA,driving_license
DRIVER’S LICENSE\nN a m e: Pat Jones\nD0B: 12/06/1952\nID: 6TS7U1RB1\nExpiries: 2029-12-05,driving_license
Name Jordan Johnson\nLicnse No CN8SZ2ZLZ\nD.O.B 28/04/1986\nExp 2033-09-03,driving_license
N a m e Casey Davis\nLicnse No YDCWWO6Y6\nD.O.B 15/04/1989\nExp: 2034-02-28,driving_license
Lic 5383W9KLZ\nHolder Taylor Taylor\nDOB - 09/05/1973\nExpiry Date 2025-01-04\nAuth Authority Office,driving_license
Taylor Davis\nD0B 17/05/1967  ID LXRK36ZKJ\nExp Date 2025-05-21\nIssuer: State Issuer,driving_license
Lic: P0QKY94LK\nHolder: Jamie Taylor\nD0B - 14/12/1992\nExpiry Date: 2027-09-19\nAuth: DMV,driving_license
Jamie Jones\nDOB 05/12/1966  ID MGW1016KP\nExp Date 2035-12-25\nIssuer: DVLA,driving_license
Name Jordan Smith\nLicnse No Z4KLQGORJ\nD.O.B 14/02/1971\nExp 2031-04-12,driving_license
DRIVING LICENCE\n04XCOY7S4\nDrew Wilson\nDate of Birth: 07/08/1961\nValid Until: 2025-12-10,driving_license
Name  Drew  Johnson\nLicnse  No  HOKH21357\nD.O.B  20/02/1980\nExp  2029-04-27,driving_license
DRIVER’S LICENSE\nName: Morgan Moore\nD0B: 04/01/1958\nID: Y6XE041Z8\nExpiries: 2030-01-20,driving_license
DRIVING LICENCE\nN2HYOZX5A\nTaylor Taylor\nDate of Birth 26/04/1964\nValid Until 2029-04-26,driving_license
DRIVING  LICENCE\nLIEIS78GG\nJordan  Jones\nDate  of  Birth:  21/02/1973\nValid  Until:  2027-05-10,driving_license
DRIVING LICENCE\nFYXVATYFS\nJamie Jones\nDate of Birth: 01/09/1968\nValid Until: 2029-04-13,driving_license
DRIVER’S LICENSE\nName Chris Davis\nDOB 08/06/1956\nID 47HTWLX8D\nExpires 2026-12-10,driving_license
N a m e Robin Smith\nLicnse No GHDHRO8YX\nD.O.B 25/01/1979\nExp: 2032-04-04,driving_license
Jordan Miller\nD0B 02/05/1952  ID CRDRQEBZZ\nExp Date 2032-12-25\nIssuer: DMV,driving_license
DRIVING  LICENCE\nYHVG1WQMA\nAlex  Davis\nDate  of  Birth:  02/05/1986\nValid  Until:  2033-08-14,driving_license
Lic T9M35YGAS\nHolder Robin Jones\nDOB - 08/01/1992\nExpiry Date 2033-09-17\nAuth State Issuer,driving_license
DRIVING LICENCE\nZNGK2UJY1\nMorgan Jones\nDate of Birth: 10/07/1967\nValid Until: 2030-10-11,driving_license
Chris  Davis\nDOB  26/12/1959    ID  JLKMBVMTI\nExp  Date  2025-03-18\nIssuer:  Authority  Office,driving_license
Lic QWU7VLBQ8\nHolder Chris Smith\nDOB - 01/12/1983\nExpiry Date 2028-04-21\nAuth DVLA,driving_license
DRIVER’S LICENSE\nName Casey Brown\nDOB 14/11/1976\nID SVA5WJMMI\nExpires 2025-02-24,driving_license
Name Jordan Miller\nLicnse No SMMJK0BK2\nD.O.B 17/10/1991\nExp: 2025-08-06,driving_license
Lic: CEF0RPXOW\nHolder: Robin Wilson\nD0B - 19/12/1985\nExpiry Date: 2035-07-01\nAuth: Authority Office,driving_license
Name  Taylor  Brown\nLicnse  No  JY7D2AC9V\nD.O.B  05/03/1967\nExp:  2035-04-16,driving_license
DRIVING LICENCE\nYLC0PHBAU\nJordan Miller\nDate of Birth: 06/05/1972\nValid Until: 2034-05-21,driving_license
Lic: TL3F9D1OJ\nHolder: Jamie Brown\nD0B - 25/07/1991\nExpiry Date: 2027-10-08\nAuth: DVLA,driving_license
N a m e Chris Smith\nLicnse No 8TVYP0UIH\nD.O.B 22/10/1996\nExp: 2030-12-15,driving_license
DRIVER’S LICENSE\nName Taylor Miller\nDOB 25/10/1997\nID 2CY2PU996\nExpires 2035-11-05,driving_license
Taylor  Johnson\nDOB  21/04/1976    1D  5BCM3WNMP\nExp  Date  2033-03-18\nIssuer  DVLA,driving_license
Name Robin Jones\nLicnse No 3WLIDDP5L\nD.O.B 20/08/1968\nExp 2034-06-06,driving_license
Alex Wilson\nDOB 28/02/1954  ID ALB1LZJZ7\nExp Date 2026-06-16\nIssuer: Authority Office,driving_license
Name Pat Brown\nLicnse No 9IHFOXSM5\nD.O.B 27/09/1992\nExp 2033-08-15,driving_license
N  a  m  e  Robin  Jones\nLicnse  No  SI2ACHQG1\nD.O.B  21/09/1981\nExp:  2029-05-22,driving_license
DRIVING LICENCE\nAM7OFKA25\nCasey Moore\nDate of Birth: 21/02/1975\nValid Until: 2028-10-28,driving_license
N a m e Alex Brown\nLicnse No TO38ZWAJQ\nD.O.B 13/05/1950\nExp: 2034-08-04,driving_license
DRIVER’S LICENSE\nN a m e Robin Davis\nDOB 04/05/1984\nID EBMCWKS4G\nExpires 2035-02-09,driving_license
DRIVER’S LICENSE\nName: Drew Johnson\nDOB: 10/04/1961\nID: ZEIE981IQ\nExpires: 2032-03-16,driving_license
DRIVER’S LICENSE\nName Casey Moore\nDOB 25/02/1970\nID F9E2Z7KBH\nExpiries 2030-04-17,driving_license
Lic: TJGXV33AF\nHolder: Jordan Miller\nDOB - 05/04/1955\nExpiry Date: 2025-04-22\nAuth: Authority Office,driving_license
DRIVING LICENCE\nSD6VC5Y8U\nDrew Wilson\nDate of Birth: 27/02/1993\nValid Until: 2030-10-26,driving_license
Casey Miller\nDOB 02/03/1987  ID 819K4L8XW\nExp Date 2032-03-10\nIssuer: DMV,driving_license
DRIVING  LICENCE\nQGXL7L159\nJamie  Brown\nDate  of  Birth:  01/10/1951\nValid  Until:  2027-10-19,driving_license
Lic W6080WI0C\nHolder Pat Johnson\nDOB - 23/05/1997\nExpiry Date 2035-06-14\nAuth Authority Office,driving_license
DRIVING LICENCE\nB9K4IY2LF\nPat Davis\nDate of Birth: 18/07/1982\nValid Until: 2028-02-11,driving_license
Alex Jones\nD0B 18/06/1952  ID LZUCJWR7K\nExp Date 2025-05-07\nIssuer: DMV,driving_license
DRIVING LICENCE\nMWIFN13IC\nTaylor Moore\nDate of Birth: 18/08/2001\nValid Until: 2027-05-27,driving_license
Name    Morgan    Williams\nLicnse    No    YB8AMY9EK\nD.O.B    12/01/1959\nExp:    2028-07-23,driving_license
Lic YI7VJ5X59\nHolder Chris Moore\nDOB - 08/10/1973\nExpiry Date 2035-04-21\nAuth DMV,driving_license
N a m e Alex Smith\nLicnse No IH9NZ9IUU\nD.O.B 06/03/1968\nExp 2033-06-08,driving_license
N a m e Taylor Williams\nLicnse No SZOL0SBIE\nD.O.B 05/12/1964\nExp: 2025-02-15,driving_license
Lic: HSLBR6ZMF\nHolder: Drew Johnson\nDOB - 01/11/1951\nExpiry Date: 2034-11-12\nAuth: Authority Office,driving_license
Morgan Smith\nDOB 26/05/1993  1D AL15HV0QW\nExp Date 2034-05-25\nIssuer Authority Office,driving_license
Name Jamie Davis\nLicnse No VOY9CK5NH\nD.O.B 02/02/1990\nExp 2029-06-25,driving_license
Jordan  Taylor\nDOB  13/03/1986    1D  5JC41ZTBH\nExp  Date  2028-12-02\nIssuer:  DMV,driving_license
DRIVER’S  LICENSE\nName:  Alex  Williams\nDOB:  22/09/1950\nID:  XZ6EON4RR\nExpires:  2025-02-23,driving_license
DRIVER’S LICENSE\nName Pat Johnson\nDOB 20/03/1999\nID F555PMCHK\nExpiries 2033-05-28,driving_license
Lic P8LIIP3XQ\nHolder Morgan Moore\nDOB - 05/08/1995\nExpiry Date 2033-08-09\nAuth Authority Office,driving_license
DRIVER’S LICENSE\nName: Casey Taylor\nDOB: 12/06/1956\nID: TPEZCDDNB\nExpiries: 2032-09-06,driving_license
Name Chris Jones\nLicnse No R5GWCGZQ6\nD.O.B 23/07/1956\nExp: 2031-06-06,driving_license
Lic: X55L146BX\nHolder: Chris Miller\nDOB - 14/04/1980\nExpiry Date: 2026-10-21\nAuth: Authority Office,driving_license
DRIVER’S LICENSE\nName Pat Miller\nD0B 06/10/2002\nID 7TTJ3D8AL\nExpires 2031-06-07,driving_license
Jordan Moore\nDOB 12/01/1953  ID 0SKU344GV\nExp Date 2035-09-10\nIssuer Authority Office,driving_license
DRIVER’S LICENSE\nN a m e: Alex Johnson\nDOB: 01/11/1951\n1D: VFUVA549D\nExpires: 2035-11-11,driving_license
Lic MYEPKHH0V\nHolder Pat Miller\nDOB - 01/07/1960\nExpiry Date 2029-10-09\nAuth Authority Office,driving_license
DRIVER’S  LICENSE\nN  a  m  e:  Jordan  Taylor\nDOB:  06/11/1998\nID:  WXRQ71LMO\nExpires:  2035-06-28,driving_license
Robin Davis\nDOB 27/12/1972  1D 3NDE3Q01O\nExp Date 2028-04-28\nIssuer: State Issuer,driving_license
Taylor  Wilson\nDOB  07/10/1981    1D  YMKEY0UG1\nExp  Date  2031-06-03\nIssuer:  DVLA,driving_license
DRIVING LICENCE\nAYFZ1M5F7\nRobin Moore\nDate of Birth: 07/03/1960\nValid Until: 2030-09-27,driving_license
Lic: UCIEN5AI5\nHolder: Pat Smith\nDOB - 05/07/2002\nExpiry Date: 2027-01-22\nAuth: DVLA,driving_license
DRIVING  LICENCE\n21576KHOH\nAlex  Moore\nDate  of  Birth:  10/12/1996\nValid  Until:  2031-08-09,driving_license
Lic: O70CABSQG\nHolder: Robin Wilson\nDOB - 14/10/2000\nExpiry Date: 2026-12-18\nAuth: Authority Office,driving_license
Robin Wilson\nDOB 02/08/2002  1D 8T49QW3P5\nExp Date 2032-05-19\nIssuer: DMV,driving_license
Drew Smith\nDOB 19/12/1969  ID 0FSYJDBS9\nExp Date 2027-09-23\nIssuer: DVLA,driving_license
DRIVER’S    LICENSE\nName:    Robin    Jones\nDOB:    22/08/1956\nID:    85FVMBH8W\nExpires:    2032-10-19,driving_license
Jamie Johnson\nD0B 09/03/1990  ID 6IV12EIUD\nExp Date 2033-03-10\nIssuer: State Issuer,driving_license
DRIVING LICENCE\nI927P9OF9\nMorgan Brown\nDate of Birth: 12/04/1962\nValid Until: 2034-05-09,driving_license
DRIVING  LICENCE\nQW5YZBG1G\nAlex  Brown\nDate  of  Birth  15/04/1980\nValid  Until  2030-01-01,driving_license
DRIVER’S LICENSE\nName: Drew Miller\nDOB: 05/09/1953\n1D: Z78TFIJUG\nExpires: 2032-03-14,driving_license
DRIVER’S LICENSE\nName Taylor Smith\nD0B 02/04/1994\nID 4G1K6EW2S\nExpires 2031-04-05,driving_license
Lic: 5DY6L6HR4\nHolder: Jamie Davis\nD0B - 03/10/1961\nExpiry Date: 2025-12-19\nAuth: DMV,driving_license
DRIVER’S LICENSE\nName: Morgan Brown\nDOB: 25/01/1992\n1D: 1IS9V32MW\nExpires: 2030-03-06,driving_license
Name  Morgan  Miller\nLicnse  No  H19ILMUBW\nD.O.B  24/06/1984\nExp:  2027-07-27,driving_license
Lic: L4Q6K02FC\nHolder: Alex Jones\nDOB - 21/01/1978\nExpiry Date: 2028-06-24\nAuth: DMV,driving_license
Name  Morgan  Wilson\nLicnse  No  3LOLP8K7S\nD.O.B  11/04/1961\nExp:  2035-04-25,driving_license
Drew Davis\nD0B 16/12/2002  ID 4MDRO94HH\nExp Date 2030-04-10\nIssuer: DVLA,driving_license
Pat Davis\nDOB 24/10/1987  1D 5C17B9F5R\nExp Date 2025-09-14\nIssuer: Authority Office,driving_license
Casey Smith\nDOB 05/08/1991  ID YXP771ZXA\nExp Date 2028-02-21\nIssuer: DMV,driving_license
Name  Robin  Miller\nLicnse  No  9KKSJ7J4Q\nD.O.B  10/11/1954\nExp:  2026-09-20,driving_license
DRIVING LICENCE\nZGWB871CF\nPat Johnson\nDate of Birth: 23/08/1960\nValid Until: 2035-08-20,driving_license
Casey Wilson\nD0B 16/07/1965  ID FTA1JMB4X\nExp Date 2032-02-02\nIssuer: DVLA,driving_license
Name Pat Smith\nLicnse No QXXH545FS\nD.O.B 11/07/1972\nExp: 2035-10-21,driving_license
Casey  Taylor\nDOB  07/06/1976    ID  VC2DZ64NE\nExp  Date  2029-06-07\nIssuer:  DMV,driving_license
DRIVER’S LICENSE\nName: Jamie Brown\nDOB: 28/04/1959\nID: KSCIXPNOG\nExpires: 2028-05-16,driving_license
N  a  m  e  Chris  Wilson\nLicnse  No  2AB9T9H1H\nD.O.B  05/03/1996\nExp:  2034-03-13,driving_license
DRIVER’S LICENSE\nName Taylor Johnson\nDOB 18/07/1968\nID ID8N9CA25\nExpiries 2026-07-12,driving_license
DRIVER’S LICENSE\nName: Drew Smith\nD0B: 15/10/1963\nID: NW567Q3KW\nExpires: 2025-07-12,driving_license
DRIVER’S LICENSE\nName: Taylor Brown\nD0B: 01/02/1965\n1D: 2JO8KZQTV\nExpires: 2026-07-25,driving_license
Lic: PVBOH1U28\nHolder: Casey Miller\nD0B - 13/08/1950\nExpiry Date: 2027-10-25\nAuth: DVLA,driving_license
Drew  Moore\nDOB  14/01/1995    ID  J21ZBPGNL\nExp  Date  2025-09-19\nIssuer:  Authority  Office,driving_license
DRIVING LICENCE\n7QIS572E7\nJordan Davis\nDate of Birth 16/10/1957\nValid Until 2026-04-05,driving_license
N a m e Morgan Taylor\nLicnse No NTBNXWG6F\nD.O.B 18/03/1999\nExp: 2034-09-22,driving_license
DRIVER’S LICENSE\nName Morgan Wilson\nDOB 18/01/2001\nID W4DEYPU0D\nExpires 2027-02-10,driving_license
Name  Casey  Williams\nLicnse  No  5RCJ8AR0O\nD.O.B  08/05/1982\nExp:  2035-11-15,driving_license
Name Jordan Wilson\nLicnse No BOW3LXX1G\nD.O.B 07/01/1985\nExp: 2028-09-02,driving_license
DRIVER’S LICENSE\nName: Robin Smith\nD0B: 12/06/1993\n1D: VNADITH0G\nExpires: 2029-05-11,driving_license
DRIVING LICENCE\nLDCBS9H32\nDrew Williams\nDate of Birth: 15/04/1977\nValid Until: 2030-06-12,driving_license
DRIVING LICENCE\nJ4FYDPW2T\nPat Davis\nDate of Birth: 18/09/1994\nValid Until: 2034-09-20,driving_license
Name Jordan Williams\nLicnse No TFRC7K28F\nD.O.B 23/07/1956\nExp 2030-03-25,driving_license
Name Morgan Miller\nLicnse No 4UXOS7TRG\nD.O.B 17/12/1972\nExp: 2025-10-18,driving_license
DRIVING    LICENCE\nRTX8KLSEE\nRobin    Moore\nDate    of    Birth:    06/05/1997\nValid    Until:    2032-09-08,driving_license
DRIVING LICENCE\nRV6YSF1LD\nDrew Miller\nDate of Birth: 23/03/1960\nValid Until: 2028-03-25,driving_license
Name  Jamie  Smith\nLicnse  No  GM1EGAPGP\nD.O.B  18/04/1993\nExp  2035-05-09,driving_license
DRIVER’S LICENSE\nName: Alex Smith\nDOB: 06/02/1992\n1D: RTFXRRWYC\nExpiries: 2031-04-11,driving_license
Name    Jamie    Brown\nLicnse    No    2YI1HM3E3\nD.O.B    12/01/1953\nExp    2029-11-19,driving_license
N a m e Drew Williams\nLicnse No JXD0SJS4X\nD.O.B 25/02/1956\nExp: 2026-03-10,driving_license
DRIVER’S LICENSE\nName: Jamie Moore\nDOB: 06/04/1996\nID: 1JWJ6RBMZ\nExpiries: 2034-12-06,driving_license
DRIVING LICENCE\nG6MELEH32\nAlex Moore\nDate of Birth: 10/06/1973\nValid Until: 2028-09-02,driving_license
DRIVING LICENCE\nV2C8HGFVX\nJordan Miller\nDate of Birth: 20/01/1959\nValid Until: 2026-07-12,driving_license
DRIVING LICENCE\n50IHV0LDJ\nJordan Brown\nDate of Birth: 14/05/2000\nValid Until: 2030-01-24,driving_license
DRIVING  LICENCE\nXCH09F1K4\nMorgan  Jones\nDate  of  Birth:  09/07/1991\nValid  Until:  2029-04-28,driving_license
N a m e Jamie Williams\nLicnse No GS197ZRG0\nD.O.B 16/03/1961\nExp: 2025-04-13,driving_license
DRIVING LICENCE\nLB2880NQV\nJamie Brown\nDate of Birth: 09/07/1957\nValid Until: 2035-08-10,driving_license
DRIVER’S LICENSE\nN a m e Drew Jones\nDOB 20/06/1997\n1D OXQISR9UQ\nExpires 2029-08-26,driving_license
DRIVER’S LICENSE\nName: Drew Moore\nD0B: 08/05/1986\nID: QGNMWT4LM\nExpires: 2027-02-02,driving_license
Taylor Miller\nDOB 04/06/1954  ID M2Z577LBM\nExp Date 2035-05-20\nIssuer DVLA,driving_license
DRIVER’S LICENSE\nName: Drew Davis\nDOB: 17/06/1954\n1D: YYKNYA9XZ\nExpires: 2025-03-28,driving_license
Lic: YITFTEG5I\nHolder: Alex Miller\nDOB - 01/05/1967\nExpiry Date: 2028-11-06\nAuth: DVLA,driving_license
Drew Williams\nDOB 16/04/1977  ID QCR6VVVP5\nExp Date 2028-06-27\nIssuer: State Issuer,driving_license
DRIVER’S    LICENSE\nName:    Pat    Smith\nDOB:    18/07/1960\nID:    RCDFZASRM\nExpires:    2032-02-28,driving_license
DRIVING  LICENCE\nV1KOWPL6V\nAlex  Moore\nDate  of  Birth:  14/03/1950\nValid  Until:  2026-12-06,driving_license
DRIVING LICENCE\nTMNJV3K2X\nJamie Davis\nDate of Birth: 05/09/1987\nValid Until: 2032-01-08,driving_license
DRIVING LICENCE\n8VACZLJ3K\nDrew Moore\nDate of Birth: 26/05/1962\nValid Until: 2029-07-01,driving_license
Name Casey Johnson\nLicnse No FCO5D3XAR\nD.O.B 12/04/1966\nExp: 2033-02-03,driving_license
DRIVING  LICENCE\n7AC1G3UZ5\nCasey  Miller\nDate  of  Birth:  10/04/1965\nValid  Until:  2035-01-09,driving_license
Jamie Johnson\nDOB 25/09/1975  1D IBV7JI2UQ\nExp Date 2025-11-12\nIssuer: Authority Office,driving_license
DRIVER’S LICENSE\nN a m e Jamie Moore\nDOB 07/07/1972\nID DEUFNTVSC\nExpires 2029-12-13,driving_license
Lic: TOJYWOGK6\nHolder: Casey Miller\nD0B - 05/11/1992\nExpiry Date: 2035-10-06\nAuth: State Issuer,driving_license
Pat Jones\nDOB 15/02/1993  1D ZUSUZZA65\nExp Date 2034-03-09\nIssuer DVLA,driving_license
DRIVING LICENCE\nXUJ2Q40NJ\nTaylor Moore\nDate of Birth: 17/12/1965\nValid Until: 2029-03-19,driving_license
DRIVER’S  LICENSE\nN a m e:  Drew  Wilson\nDOB:  23/08/1997\nID:  HLRH5I276\nExpires:  2025-04-18,driving_license
N a m e Chris Jones\nLicnse No GBM2PWR3P\nD.O.B 22/05/1959\nExp: 2035-12-26,driving_license
Lic: J76RLRVTA\nHolder: Chris Williams\nDOB - 27/09/1981\nExpiry Date: 2034-01-08\nAuth: DVLA,driving_license
DRIVING LICENCE\nUDYMFLHP9\nPat Smith\nDate of Birth: 26/04/1960\nValid Until: 2027-08-23,driving_license
DRIVING  LICENCE\nHG2TH3ZRB\nAlex  Williams\nDate  of  Birth:  02/07/1999\nValid  Until:  2026-01-21,driving_license
Name  Jamie  Brown\nLicnse  No  FRJSLL967\nD.O.B  04/01/1979\nExp  2028-05-04,driving_license
Name Casey Wilson\nLicnse No BX1QZA5NR\nD.O.B 08/05/1950\nExp 2032-05-25,driving_license
DRIVING LICENCE\nVCOPIU0QZ\nPat Johnson\nDate of Birth 14/06/1970\nValid Until 2033-03-12,driving_license
DRIVING LICENCE\nLZDJLMZZF\nJamie Johnson\nDate of Birth: 18/11/1982\nValid Until: 2032-01-19,driving_license
Name Jamie Williams\nLicnse No C2NT3FCFI\nD.O.B 21/12/1974\nExp 2027-05-28,driving_license
Lic NTDH7O5JL\nHolder Pat Wilson\nDOB - 05/12/1991\nExpiry Date 2034-04-02\nAuth DVLA,driving_license
DRIVER’S  LICENSE\nName:  Chris  Wilson\nDOB:  11/07/1980\n1D:  KUJN0CKN2\nExpires:  2031-03-04,driving_license
